189,0,4,255,3,2,7,2,1,0,0,1,3,4,1,0,0,0,0,0,0,0,0,0,0,0,0,0,0,0,0,0,99,99,99,99,156,20
2,14,246,194,182,1,4,4,100,0,1,1,0,1,0,1,0,1,0,2,0,11,10,35,79,68,137,101,159,129,169,150,173,166,174,177,175,184,176,189,176,192,176,194,176,196,176,197,176,197,176,198,176,198,176,198,176,198,176,198,176,198,176,198,176,198,176,198,176,198,176,198,176,198,176,198,176,198,175,198,175,198,175,198,175,198,175,198,175,198,175,198,175,198,175,198,175,198,175,198,175,198,175,198,175,198,175,198,175,198,175,198,175,198,175,198,175,198,175,198,175,198,175,198,175,198,175,198,175,198,175,197,175,197,175,197,175,197,175,197,175,197,175,197,175,197,175,197,175,197,175,197,175,197,175,197,175,197,175,197,175,197,175,197,175,197,175,197,175,197,175,197,175,197,175,197,175,197,175,197,175,197,175,197,174,197,174,197,174,197,174,197,174,197,174,197,174,197,174,197,174,197,174,197,174,197,174,197,174,197,174,197,174,197,174,196,174,196,174,190,148,172,66,147,29,120,12,94,3,71,0,52,0,38,0,28,0,20,0,15,0,11,0,8,0,6,0,5,0,4,0,186,206
2,2,46,205,174,0,4,137,161,4,0,88,88,1,10,202,0,4,255,3,2,7,2,0,0,0,1,3,4,1,0,0,0,0,0,0,0,0,0,0,0,0,0,0,0,0,0,99,99,99,99,248,168
2,2,46,205,174,0,4,138,65,4,0,88,88,1,10,202,0,4,255,3,2,7,2,0,0,0,1,3,4,1,0,0,0,0,0,0,0,0,0,0,0,0,0,0,0,0,0,99,99,99,99,130,124
2,2,46,205,174,0,4,138,215,4,0,88,88,1,10,202,0,4,255,3,2,7,2,0,0,0,1,3,5,1,0,0,0,0,0,0,0,0,0,0,0,0,0,0,0,0,0,99,99,99,99,99,250
2,2,46,205,174,0,4,139,119,4,0,88,88,1,10,189,0,4,255,0,0,5,2,1,0,0,1,3,5,1,0,0,0,0,0,0,0,0,0,0,0,0,0,0,0,0,0,99,99,99,99,181,4
2,14,246,194,182,1,4,5,100,0,1,1,0,1,0,1,0,1,0,2,0,11,10,35,78,68,137,101,159,129,169,150,173,166,175,177,175,184,176,189,176,192,176,195,176,196,176,197,176,197,176,198,176,198,176,198,176,198,176,198,176,198,176,198,176,198,176,198,176,198,176,198,176,198,176,198,176,198,176,198,176,198,176,198,176,198,176,198,176,198,176,198,176,198,176,198,176,198,176,198,175,198,175,198,175,198,175,198,175,198,175,198,175,198,175,198,175,198,175,198,175,198,175,198,175,198,175,198,175,197,175,197,175,197,175,197,175,197,175,197,175,197,175,197,175,197,175,197,175,197,175,197,175,197,175,197,175,197,175,197,175,197,175,197,175,197,175,197,175,197,175,197,175,197,175,197,175,197,175,197,175,197,175,197,175,197,175,197,175,197,175,197,175,197,175,197,174,197,174,197,175,197,175,197,174,197,174,197,174,197,174,197,174,197,174,196,174,196,174,189,148,172,66,147,29,120,12,94,3,70,0,52,0,38,0,28,0,20,0,15,0,11,0,8,0,6,0,5,0,4,0,132,190
2,2,46,205,174,0,4,140,143,4,0,88,88,1,10,202,0,4,255,0,0,5,2,0,0,0,1,3,5,1,0,0,0,0,0,0,0,0,0,0,0,0,0,0,0,0,0,99,99,99,99,171,154
2,2,46,205,174,0,4,141,47,4,0,88,88,1,10,202,0,4,255,0,0,5,2,0,0,0,1,3,5,1,0,0,0,0,0,0,0,0,0,0,0,0,0,0,0,0,0,99,99,99,99,79,109
2,2,46,205,174,0,4,141,197,4,0,88,88,1,10,202,0,4,255,0,0,5,3,0,3,221,1,4,0,1,0,0,0,0,0,0,0,0,0,0,0,0,0,0,0,0,0,99,99,99,99,9,67
2,2,46,205,174,0,4,142,101,4,0,88,88,1,10,202,0,4,255,0,0,5,3,0,3,205,1,4,0,1,0,0,0,0,0,0,0,0,0,0,0,0,0,0,0,0,0,99,99,99,99,5,54
2,2,46,205,174,0,4,142,251,4,0,88,88,1,10,202,0,4,255,0,0,5,3,0,3,190,1,4,0,1,0,0,0,0,0,0,0,0,0,0,0,0,0,0,0,0,0,99,99,99,99,37,173
2,2,46,205,174,0,4,143,155,4,0,88,88,1,10,202,0,4,255,0,0,5,3,0,3,174,1,4,0,1,0,0,0,0,0,0,0,0,0,0,0,0,0,0,0,0,0,99,99,99,99,148,13
2,2,46,205,174,0,4,144,59,4,0,88,88,1,10,202,0,4,255,0,0,5,3,0,3,158,1,4,0,1,0,0,0,0,0,0,0,0,0,0,0,0,0,0,0,0,0,99,99,99,99,120,59
2,2,46,205,174,0,4,144,209,4,0,88,88,1,10,202,0,4,255,0,0,5,3,0,3,143,1,4,0,1,0,0,0,0,0,0,0,0,0,0,0,0,0,0,0,0,0,99,99,99,99,176,199
2,2,46,205,174,0,4,145,113,4,0,88,88,1,10,202,0,4,255,0,0,5,3,0,3,127,1,4,0,1,0,0,0,0,0,0,0,0,0,0,0,0,0,0,0,0,0,99,99,99,99,122,36
2,2,46,205,174,0,4,146,17,4,0,88,88,1,10,202,0,4,255,0,0,5,3,0,3,111,1,4,0,1,0,0,0,0,0,0,0,0,0,0,0,0,0,0,0,0,0,99,99,99,99,68,92
2,2,46,205,174,0,4,146,167,4,0,88,88,1,10,202,0,4,255,0,0,5,3,0,3,96,1,4,0,1,0,0,0,0,0,0,0,0,0,0,0,0,0,0,0,0,0,99,99,99,99,6,213
2,2,46,205,174,0,4,147,71,4,0,88,88,1,10,202,0,4,255,0,0,5,3,0,3,80,1,4,0,1,0,0,0,0,0,0,0,0,0,0,0,0,0,0,0,0,0,99,99,99,99,90,55
2,2,46,205,174,0,4,147,221,4,0,88,88,1,10,202,0,4,255,0,0,5,3,0,3,65,1,4,0,1,0,0,0,0,0,0,0,0,0,0,0,0,0,0,0,0,0,99,99,99,99,203,187
2,2,46,205,174,0,4,148,125,4,0,88,88,1,10,202,0,4,255,0,0,5,3,0,3,49,1,4,0,1,0,0,0,0,0,0,0,0,0,0,0,0,0,0,0,0,0,99,99,99,99,139,162
2,2,46,205,174,0,4,149,29,4,0,88,88,1,10,202,0,4,255,0,0,5,3,0,3,33,1,4,0,1,0,0,0,0,0,0,0,0,0,0,0,0,0,0,0,0,0,99,99,99,99,58,2
2,2,46,205,174,0,4,149,179,4,0,88,88,1,10,202,0,4,255,0,0,5,3,0,3,18,1,4,0,1,0,0,0,0,0,0,0,0,0,0,0,0,0,0,0,0,0,99,99,99,99,223,91
2,2,46,205,174,0,4,150,83,4,0,88,88,1,10,202,0,4,255,0,0,5,3,0,3,2,1,4,0,1,0,0,0,0,0,0,0,0,0,0,0,0,0,0,0,0,0,99,99,99,99,194,213
2,2,46,205,174,0,4,150,243,4,0,88,88,1,10,202,0,4,255,0,0,5,3,0,2,242,1,4,0,1,0,0,0,0,0,0,0,0,0,0,0,0,0,0,0,0,0,99,99,99,99,90,188
2,2,46,205,174,0,4,151,137,4,0,88,88,1,10,202,0,4,255,0,0,5,3,0,2,227,1,4,0,1,0,0,0,0,0,0,0,0,0,0,0,0,0,0,0,0,0,99,99,99,99,62,60
2,2,46,205,174,0,4,152,41,4,0,88,88,1,10,202,0,4,255,0,0,5,3,0,2,211,1,4,0,1,0,0,0,0,0,0,0,0,0,0,0,0,0,0,0,0,0,99,99,99,99,236,78
2,2,46,205,174,0,4,152,191,4,0,88,88,1,10,202,0,4,255,0,0,5,3,0,2,196,1,4,0,1,0,0,0,0,0,0,0,0,0,0,0,0,0,0,0,0,0,99,99,99,99,122,221
2,2,46,205,174,0,4,153,95,4,0,88,88,1,10,202,0,4,255,0,0,5,3,0,2,180,1,4,0,1,0,0,0,0,0,0,0,0,0,0,0,0,0,0,0,0,0,99,99,99,99,171,118
2,2,46,205,174,0,4,153,255,4,0,88,88,1,10,202,0,4,255,0,0,5,3,0,2,164,1,4,0,1,0,0,0,0,0,0,0,0,0,0,0,0,0,0,0,0,0,99,99,99,99,111,55
2,2,46,205,174,0,4,154,149,4,0,88,88,1,10,202,0,4,255,0,0,5,3,0,2,149,1,4,0,1,0,0,0,0,0,0,0,0,0,0,0,0,0,0,0,0,0,99,99,99,99,130,189
2,2,46,205,174,0,4,155,53,4,0,88,88,1,10,202,0,4,255,0,0,5,3,0,2,133,1,4,0,1,0,0,0,0,0,0,0,0,0,0,0,0,0,0,0,0,0,99,99,99,99,1,16
2,2,46,205,174,0,4,155,213,4,0,88,88,1,10,202,0,4,255,0,0,5,3,0,2,117,1,4,0,1,0,0,0,0,0,0,0,0,0,0,0,0,0,0,0,0,0,99,99,99,99,157,228
2,2,46,205,174,0,4,156,107,4,0,88,88,1,10,202,0,4,255,0,0,5,3,0,2,102,1,4,0,1,0,0,0,0,0,0,0,0,0,0,0,0,0,0,0,0,0,99,99,99,99,185,202
2,2,46,205,174,0,4,157,11,4,0,88,88,1,10,202,0,4,255,0,0,5,3,0,2,86,1,4,0,1,0,0,0,0,0,0,0,0,0,0,0,0,0,0,0,0,0,99,99,99,99,198,222
2,2,46,205,174,0,4,157,161,4,0,88,88,1,10,202,0,4,255,0,0,5,3,0,2,71,1,4,0,1,0,0,0,0,0,0,0,0,0,0,0,0,0,0,0,0,0,99,99,99,99,31,217
2,2,46,205,174,0,4,158,65,4,0,88,88,1,10,202,0,4,255,0,0,5,3,0,2,55,1,4,0,1,0,0,0,0,0,0,0,0,0,0,0,0,0,0,0,0,0,99,99,99,99,65,170
2,2,46,205,174,0,4,158,225,4,0,88,88,1,10,202,0,4,255,0,0,5,3,0,2,39,1,4,0,1,0,0,0,0,0,0,0,0,0,0,0,0,0,0,0,0,0,99,99,99,99,133,235
2,2,46,205,174,0,4,159,119,4,0,88,88,1,10,202,0,4,255,0,0,5,3,0,2,24,1,4,0,1,0,0,0,0,0,0,0,0,0,0,0,0,0,0,0,0,0,99,99,99,99,169,141
2,2,46,205,174,0,4,160,23,4,0,88,88,1,10,202,0,4,255,0,0,5,3,0,2,8,1,4,0,1,0,0,0,0,0,0,0,0,0,0,0,0,0,0,0,0,0,99,99,99,99,197,138
2,2,46,205,174,0,4,160,183,4,0,88,88,1,10,202,0,4,255,0,0,5,3,0,1,248,1,4,0,1,0,0,0,0,0,0,0,0,0,0,0,0,0,0,0,0,0,99,99,99,99,119,47
2,2,46,205,174,0,4,161,77,4,0,88,88,1,10,202,0,4,255,0,0,5,3,0,1,233,1,4,0,1,0,0,0,0,0,0,0,0,0,0,0,0,0,0,0,0,0,99,99,99,99,48,89
2,2,46,205,174,0,4,161,237,4,0,88,88,1,10,202,0,4,255,0,0,5,3,0,1,217,1,4,0,1,0,0,0,0,0,0,0,0,0,0,0,0,0,0,0,0,0,99,99,99,99,58,172
2,2,46,205,174,0,4,162,131,4,0,88,88,1,10,202,0,4,255,0,0,5,3,0,1,202,1,4,0,1,0,0,0,0,0,0,0,0,0,0,0,0,0,0,0,0,0,99,99,99,99,235,120
2,2,46,205,174,0,4,163,35,4,0,88,88,1,10,202,0,4,255,0,0,5,3,0,1,186,1,4,0,1,0,0,0,0,0,0,0,0,0,0,0,0,0,0,0,0,0,99,99,99,99,43,40
2,2,46,205,174,0,4,163,195,4,0,88,88,1,10,202,0,4,255,0,0,5,3,0,1,170,1,4,0,1,0,0,0,0,0,0,0,0,0,0,0,0,0,0,0,0,0,99,99,99,99,254,146
2,2,46,205,174,0,4,164,89,4,0,88,88,1,10,202,0,4,255,0,0,5,3,0,1,155,1,4,0,1,0,0,0,0,0,0,0,0,0,0,0,0,0,0,0,0,0,99,99,99,99,102,15
2,2,46,205,174,0,4,164,249,4,0,88,88,1,10,202,0,4,255,0,0,5,3,0,1,139,1,4,0,1,0,0,0,0,0,0,0,0,0,0,0,0,0,0,0,0,0,99,99,99,99,162,78
2,2,46,205,174,0,4,165,153,4,0,88,88,1,10,202,0,4,255,0,0,5,3,0,1,123,1,4,0,1,0,0,0,0,0,0,0,0,0,0,0,0,0,0,0,0,0,99,99,99,99,90,160
2,2,46,205,174,0,4,166,47,4,0,88,88,1,10,202,0,4,255,0,0,5,3,0,1,108,1,4,0,1,0,0,0,0,0,0,0,0,0,0,0,0,0,0,0,0,0,99,99,99,99,132,234
2,2,46,205,174,0,4,166,207,4,0,88,88,1,10,202,0,4,255,0,0,5,3,0,1,92,1,4,0,1,0,0,0,0,0,0,0,0,0,0,0,0,0,0,0,0,0,99,99,99,99,159,228
2,2,46,205,174,0,4,167,101,4,0,88,88,1,10,202,0,4,255,0,0,5,3,0,1,77,1,4,0,1,0,0,0,0,0,0,0,0,0,0,0,0,0,0,0,0,0,99,99,99,99,1,15
2,2,46,205,174,0,4,168,5,4,0,88,88,1,10,202,0,4,255,0,0,5,3,0,1,61,1,4,0,1,0,0,0,0,0,0,0,0,0,0,0,0,0,0,0,0,0,99,99,99,99,108,57
2,2,46,205,174,0,4,168,165,4,0,88,88,1,10,202,0,4,255,0,0,5,3,0,1,45,1,4,0,1,0,0,0,0,0,0,0,0,0,0,0,0,0,0,0,0,0,99,99,99,99,168,120
2,2,46,205,174,0,4,169,59,4,0,88,88,1,10,202,0,4,255,0,0,5,3,0,1,30,1,4,0,1,0,0,0,0,0,0,0,0,0,0,0,0,0,0,0,0,0,99,99,99,99,66,70
2,2,46,205,174,0,4,169,219,4,0,88,88,1,10,202,0,4,255,0,0,5,3,0,1,14,1,4,0,1,0,0,0,0,0,0,0,0,0,0,0,0,0,0,0,0,0,99,99,99,99,151,252
2,2,46,205,174,0,4,170,123,4,0,88,88,1,10,202,0,4,255,0,0,5,3,0,0,254,1,4,0,1,0,0,0,0,0,0,0,0,0,0,0,0,0,0,0,0,0,99,99,99,99,199,161
2,2,46,205,174,0,4,171,17,4,0,88,88,1,10,202,0,4,255,0,0,5,3,0,0,239,1,4,0,1,0,0,0,0,0,0,0,0,0,0,0,0,0,0,0,0,0,99,99,99,99,107,71
2,2,46,205,174,0,4,171,177,4,0,88,88,1,10,202,0,4,255,0,0,5,3,0,0,223,1,4,0,1,0,0,0,0,0,0,0,0,0,0,0,0,0,0,0,0,0,99,99,99,99,97,178
2,2,46,205,174,0,4,172,71,4,0,88,88,1,10,202,0,4,255,0,0,5,3,0,0,208,1,4,0,1,0,0,0,0,0,0,0,0,0,0,0,0,0,0,0,0,0,99,99,99,99,245,101
2,2,46,205,174,0,4,172,231,4,0,88,88,1,10,202,0,4,255,0,0,5,3,0,0,192,1,4,0,1,0,0,0,0,0,0,0,0,0,0,0,0,0,0,0,0,0,99,99,99,99,49,36
2,2,46,205,174,0,4,173,135,4,0,88,88,1,10,202,0,4,255,0,0,5,3,0,0,176,1,4,0,1,0,0,0,0,0,0,0,0,0,0,0,0,0,0,0,0,0,99,99,99,99,195,121
2,2,46,205,174,0,4,174,29,4,0,88,88,1,10,202,0,4,255,0,0,5,3,0,0,161,1,4,0,1,0,0,0,0,0,0,0,0,0,0,0,0,0,0,0,0,0,99,99,99,99,154,193
2,2,46,205,174,0,4,174,189,4,0,88,88,1,10,202,0,4,255,0,0,5,3,0,0,145,1,4,0,1,0,0,0,0,0,0,0,0,0,0,0,0,0,0,0,0,0,99,99,99,99,144,52
2,2,46,205,174,0,4,175,93,4,0,88,88,1,10,202,0,4,255,0,0,5,3,0,0,129,1,4,0,1,0,0,0,0,0,0,0,0,0,0,0,0,0,0,0,0,0,99,99,99,99,2,98
2,2,46,205,174,0,4,175,243,4,0,88,88,1,10,202,0,4,255,0,0,5,3,0,0,114,1,4,0,1,0,0,0,0,0,0,0,0,0,0,0,0,0,0,0,0,0,99,99,99,99,96,193
2,2,46,205,174,0,4,176,147,4,0,88,88,1,10,202,0,4,255,0,0,5,3,0,0,98,1,4,0,1,0,0,0,0,0,0,0,0,0,0,0,0,0,0,0,0,0,99,99,99,99,112,78
2,2,46,205,174,0,4,177,41,4,0,88,88,1,10,202,0,4,255,0,0,5,3,0,0,83,1,4,0,1,0,0,0,0,0,0,0,0,0,0,0,0,0,0,0,0,0,99,99,99,99,232,119
2,2,46,205,174,0,4,177,201,4,0,88,88,1,10,202,0,4,255,0,0,5,3,0,0,67,1,4,0,1,0,0,0,0,0,0,0,0,0,0,0,0,0,0,0,0,0,99,99,99,99,61,205
2,2,46,205,174,0,4,178,105,4,0,88,88,1,10,202,0,4,255,0,0,5,3,0,0,51,1,4,0,1,0,0,0,0,0,0,0,0,0,0,0,0,0,0,0,0,0,99,99,99,99,114,69
2,2,46,205,174,0,4,178,255,4,0,88,88,1,10,202,0,4,255,0,0,5,3,0,0,36,1,4,0,1,0,0,0,0,0,0,0,0,0,0,0,0,0,0,0,0,0,99,99,99,99,228,214
2,2,46,205,174,0,4,179,159,4,0,88,88,1,10,202,0,4,255,0,0,5,3,0,0,20,1,4,0,1,0,0,0,0,0,0,0,0,0,0,0,0,0,0,0,0,0,99,99,99,99,155,194
2,2,46,205,174,0,4,180,63,4,0,88,88,1,10,202,0,4,255,0,0,5,3,0,0,4,1,4,0,1,0,0,0,0,0,0,0,0,0,0,0,0,0,0,0,0,0,99,99,99,99,152,38
2,2,46,205,174,0,4,180,213,4,0,88,88,1,10,175,0,4,255,3,1,7,2,1,0,0,1,4,1,1,0,0,0,0,0,0,0,0,0,0,0,0,0,0,0,0,0,99,99,99,99,201,73
2,14,246,194,182,1,5,1,100,0,1,1,0,1,0,1,0,1,0,2,0,11,10,35,75,68,136,100,159,128,168,150,173,166,174,177,175,184,176,189,176,192,176,195,176,196,176,197,176,197,176,198,176,198,176,198,176,198,176,198,176,198,176,198,176,198,176,198,176,198,176,198,176,198,176,198,176,198,176,198,176,198,175,198,175,198,175,198,175,198,175,198,175,198,175,198,175,198,175,198,175,198,175,198,175,198,175,198,175,198,175,198,175,198,175,198,175,198,175,198,175,197,175,197,175,198,175,198,175,198,175,198,175,197,175,197,175,197,175,197,175,197,175,197,175,197,175,197,175,197,175,197,175,197,175,197,175,197,175,197,175,197,175,197,175,197,175,197,175,197,175,197,175,197,175,197,174,197,175,197,175,197,175,197,175,197,174,197,174,197,174,197,174,197,174,197,174,197,174,197,174,197,174,197,174,197,174,197,174,197,174,197,174,197,174,197,174,196,174,190,147,172,65,147,28,120,12,94,3,70,0,52,0,38,0,27,0,20,0,15,0,11,0,8,0,6,0,5,0,4,0,2,16
2,2,46,205,174,0,4,181,237,4,0,88,88,1,10,202,0,4,255,3,1,7,2,0,0,0,1,4,1,1,0,0,0,0,0,0,0,0,0,0,0,0,0,0,0,0,0,99,99,99,99,131,67
2,2,46,205,174,0,4,182,141,4,0,88,88,1,10,202,0,4,255,3,1,7,2,0,0,0,1,4,1,1,0,0,0,0,0,0,0,0,0,0,0,0,0,0,0,0,0,99,99,99,99,218,97
2,2,46,205,174,0,4,183,45,4,0,88,88,1,10,202,0,4,255,3,1,7,2,0,0,0,1,4,2,1,0,0,0,0,0,0,0,0,0,0,0,0,0,0,0,0,0,99,99,99,99,145,139
2,2,46,205,174,0,4,183,195,4,0,88,88,1,10,202,0,4,255,3,1,7,2,1,0,0,1,4,2,1,0,0,0,0,0,0,0,0,0,0,0,0,0,0,0,0,0,99,99,99,99,12,209
2,14,246,194,182,1,5,2,100,0,1,1,0,1,0,1,0,1,0,2,0,11,10,35,76,68,136,101,159,129,169,150,173,166,175,177,175,184,176,189,176,192,176,195,176,196,176,197,176,197,176,198,176,198,176,198,176,198,176,198,176,198,176,198,176,198,176,198,176,198,176,198,176,198,176,198,176,198,176,198,176,198,176,198,176,198,176,198,176,198,176,198,176,198,176,198,176,198,176,198,175,198,175,198,175,198,175,198,175,198,175,198,175,198,175,198,175,198,175,198,175,198,175,198,175,198,175,198,175,198,175,198,175,197,175,197,175,197,175,197,175,197,175,197,175,197,175,197,175,197,175,197,175,197,175,197,175,197,175,197,175,197,175,197,175,197,175,197,175,197,175,197,175,197,175,197,175,197,175,197,175,197,175,197,175,197,175,197,175,197,175,197,175,197,174,197,174,197,174,197,174,197,174,197,174,197,174,197,174,197,174,197,174,197,174,196,174,196,174,189,149,172,67,147,29,120,12,94,3,70,0,52,0,38,0,27,0,20,0,15,0,11,0,8,0,6,0,5,0,4,0,121,137
2,2,46,205,174,0,4,184,219,4,0,88,88,1,10,202,0,4,255,3,1,7,2,0,0,0,1,4,2,1,0,0,0,0,0,0,0,0,0,0,0,0,0,0,0,0,0,99,99,99,99,92,151
2,2,46,205,174,0,4,185,123,4,0,88,88,1,10,202,0,4,255,3,1,7,2,0,0,0,1,4,2,1,0,0,0,0,0,0,0,0,0,0,0,0,0,0,0,0,0,99,99,99,99,184,96
2,2,46,205,174,0,4,186,27,4,0,88,88,1,10,189,0,4,255,3,1,7,2,1,0,0,1,4,3,1,0,0,0,0,0,0,0,0,0,0,0,0,0,0,0,0,0,99,99,99,99,67,199
2,14,246,194,182,1,5,3,100,0,1,1,0,1,0,1,0,1,0,2,0,11,10,35,78,68,137,101,159,129,168,150,173,166,174,177,175,184,175,189,176,192,176,194,176,196,176,197,176,197,176,198,176,198,176,198,176,198,176,198,176,198,176,198,176,198,176,198,176,198,176,198,176,198,176,198,176,198,176,198,176,198,176,198,175,198,175,198,175,198,175,198,175,198,175,198,175,198,175,198,175,198,175,198,175,198,175,198,175,198,175,198,175,198,175,198,175,198,175,198,175,198,175,198,175,198,175,198,175,197,175,197,175,197,175,197,175,197,175,197,175,197,175,197,175,197,175,197,175,197,175,197,175,197,175,197,175,197,175,197,175,197,175,197,175,197,175,197,175,197,175,197,175,197,175,197,175,197,175,197,175,197,174,197,174,197,174,197,174,197,174,197,174,197,174,197,174,197,174,197,174,197,174,197,174,197,174,197,174,197,174,197,174,196,174,196,174,196,174,189,149,172,67,147,29,120,12,94,3,70,0,52,0,38,0,27,0,20,0,15,0,11,0,8,0,6,0,5,0,4,0,130,33
2,2,46,205,174,0,4,187,51,4,0,88,88,1,10,202,0,4,255,3,1,7,2,0,0,0,1,4,3,1,0,0,0,0,0,0,0,0,0,0,0,0,0,0,0,0,0,99,99,99,99,39,123
2,2,46,205,174,0,4,187,201,4,0,88,88,1,10,202,0,4,255,3,1,7,2,0,0,0,1,4,3,1,0,0,0,0,0,0,0,0,0,0,0,0,0,0,0,0,0,99,99,99,99,236,218
2,2,46,205,174,0,4,188,105,4,0,88,88,1,10,202,24,4,255,3,1,7,2,0,0,0,1,4,4,1,0,0,0,0,0,0,0,0,0,0,0,0,0,0,0,0,0,99,99,99,99,185,41
2,2,46,205,174,0,4,189,9,4,0,88,88,1,10,202,24,4,255,3,1,7,2,1,0,0,1,4,4,1,1,0,24,0,0,0,0,0,0,0,0,0,0,0,0,0,0,99,99,99,99,62,210
2,14,246,194,182,1,5,4,100,24,0,1,0,1,0,1,0,1,0,1,0,4,1,6,4,7,76,8,191,7,175,6,255,5,255,5,255,4,255,3,255,2,228,2,194,1,161,1,130,1,102,0,78,0,57,0,39,0,24,0,12,0,3,0,0,0,0,0,0,0,0,1,0,1,0,1,0,1,0,1,0,1,0,1,0,1,0,1,0,1,0,1,0,1,0,1,0,1,0,1,0,1,0,1,0,1,0,1,0,1,0,1,0,1,0,1,0,1,0,1,0,1,0,1,0,1,0,1,0,1,0,1,0,1,0,1,0,1,0,1,0,1,0,1,0,1,0,1,0,1,0,1,0,1,0,1,0,1,0,1,0,1,0,1,0,1,0,1,0,1,0,1,0,1,0,1,0,1,0,1,0,1,0,1,0,1,0,1,0,1,0,1,0,1,0,1,0,1,0,1,0,1,0,1,0,1,0,1,0,1,0,1,0,1,0,1,0,1,0,1,0,1,0,1,0,1,0,1,0,1,0,1,0,1,0,1,0,1,0,1,0,1,0,1,0,1,0,1,0,1,0,188,73
2,2,46,205,174,0,4,190,33,4,0,88,88,1,10,202,24,4,255,3,1,7,2,0,0,0,1,4,4,1,0,0,0,0,0,0,0,0,0,0,0,0,0,0,0,0,0,99,99,99,99,67,57
2,2,46,205,174,0,4,190,183,4,0,88,88,1,10,202,24,4,255,3,1,7,2,0,0,0,1,4,4,1,0,0,0,0,0,0,0,0,0,0,0,0,0,0,0,0,0,99,99,99,99,199,180
2,2,46,205,174,0,4,191,87,4,0,88,88,1,10,202,152,4,255,0,0,5,2,1,0,0,1,4,5,1,0,0,0,0,0,0,0,0,0,0,0,0,0,0,0,0,0,99,99,99,99,152,74
2,14,246,194,182,1,5,5,100,24,0,1,0,1,0,1,0,1,0,1,0,1,0,1,0,1,0,1,0,1,0,1,0,1,0,1,0,1,0,1,0,1,0,1,0,1,0,1,0,1,0,1,0,1,0,1,0,1,0,1,0,1,0,1,0,1,0,1,0,1,0,1,0,1,0,1,0,1,0,1,0,1,0,1,0,1,0,1,0,1,0,1,0,1,0,1,0,1,0,1,0,1,0,1,0,1,0,1,0,1,0,1,0,1,0,1,0,1,0,1,0,1,0,1,0,1,0,1,0,1,0,1,0,1,0,1,0,1,0,1,0,1,0,1,0,1,0,1,0,1,0,1,0,1,0,1,0,1,0,1,0,1,0,1,0,1,0,1,0,1,0,1,0,1,0,1,0,1,0,1,0,1,0,1,0,1,0,1,0,1,0,1,0,1,0,1,0,1,0,1,0,1,0,1,0,1,0,1,0,1,0,1,0,1,0,1,0,1,0,1,0,1,0,1,0,1,0,1,0,1,0,1,0,1,0,1,0,1,0,1,0,1,0,1,0,1,0,1,0,1,0,93,127
2,2,46,205,174,0,4,192,131,4,0,88,88,1,10,202,152,4,255,0,0,5,2,0,0,0,1,4,5,1,0,0,0,0,0,0,0,0,0,0,0,0,0,0,0,0,0,99,99,99,99,159,231
2,2,46,205,174,0,4,193,25,4,0,88,88,1,10,202,152,4,255,0,0,5,2,0,0,0,1,4,5,1,0,0,0,0,0,0,0,0,0,0,0,0,0,0,0,0,0,99,99,99,99,130,188
2,2,46,205,174,0,4,193,185,4,0,88,88,1,10,202,0,4,255,0,0,5,3,0,0,194,1,4,0,1,0,0,0,0,0,0,0,0,0,0,0,0,0,0,0,0,0,99,99,99,99,121,179
2,2,46,205,174,0,4,194,79,4,0,88,88,1,10,202,0,4,255,0,0,5,3,0,0,179,1,4,0,1,0,0,0,0,0,0,0,0,0,0,0,0,0,0,0,0,0,99,99,99,99,44,218
2,2,46,205,174,0,4,194,239,4,0,88,88,1,10,202,0,4,255,0,0,5,3,0,0,163,1,4,0,1,0,0,0,0,0,0,0,0,0,0,0,0,0,0,0,0,0,99,99,99,99,232,155
2,2,46,205,174,0,4,195,143,4,0,88,88,1,10,202,0,4,255,0,0,5,3,0,0,147,1,4,0,1,0,0,0,0,0,0,0,0,0,0,0,0,0,0,0,0,0,99,99,99,99,151,143
2,2,46,205,174,0,4,196,37,4,0,88,88,1,10,202,0,4,255,0,0,5,3,0,0,132,1,4,0,1,0,0,0,0,0,0,0,0,0,0,0,0,0,0,0,0,0,99,99,99,99,80,8
2,2,46,205,174,0,4,196,197,4,0,88,88,1,10,202,0,4,255,0,0,5,3,0,0,116,1,4,0,1,0,0,0,0,0,0,0,0,0,0,0,0,0,0,0,0,0,99,99,99,99,204,252
2,2,46,205,174,0,4,197,101,4,0,88,88,1,10,202,0,4,255,0,0,5,3,0,0,100,1,4,0,1,0,0,0,0,0,0,0,0,0,0,0,0,0,0,0,0,0,99,99,99,99,79,81
2,2,46,205,174,0,4,197,251,4,0,88,88,1,10,202,0,4,255,0,0,5,3,0,0,85,1,4,0,1,0,0,0,0,0,0,0,0,0,0,0,0,0,0,0,0,0,99,99,99,99,170,96
2,2,46,205,174,0,4,198,155,4,0,88,88,1,10,202,0,4,255,0,0,5,3,0,0,69,1,4,0,1,0,0,0,0,0,0,0,0,0,0,0,0,0,0,0,0,0,99,99,99,99,148,24
2,2,46,205,174,0,4,199,49,4,0,88,88,1,10,202,0,4,255,0,0,5,3,0,0,54,1,4,0,1,0,0,0,0,0,0,0,0,0,0,0,0,0,0,0,0,0,99,99,99,99,1,237
2,2,46,205,174,0,4,199,209,4,0,88,88,1,10,202,0,4,255,0,0,5,3,0,0,38,1,4,0,1,0,0,0,0,0,0,0,0,0,0,0,0,0,0,0,0,0,99,99,99,99,212,87
2,2,46,205,174,0,4,200,113,4,0,88,88,1,10,202,0,4,255,0,0,5,3,0,0,22,1,4,0,1,0,0,0,0,0,0,0,0,0,0,0,0,0,0,0,0,0,99,99,99,99,6,37
2,2,46,205,174,0,4,201,7,4,0,88,88,1,10,202,0,4,255,0,0,5,3,0,0,7,1,4,0,1,0,0,0,0,0,0,0,0,0,0,0,0,0,0,0,0,0,99,99,99,99,188,159
2,2,46,205,174,0,4,201,167,4,0,88,88,1,10,202,24,4,255,3,1,7,2,1,0,0,1,4,1,1,1,0,25,0,0,0,0,0,0,0,0,0,0,0,0,0,0,99,99,99,99,29,179
2,14,246,194,182,1,5,1,100,24,0,1,0,1,0,1,0,1,0,1,0,4,1,6,4,7,70,8,182,8,207,6,255,5,255,5,255,4,255,3,255,2,234,2,198,1,165,1,133,1,105,0,81,0,59,0,41,0,26,0,14,0,4,0,0,0,0,0,0,0,0,0,0,1,0,1,0,1,0,1,0,1,0,1,0,1,0,1,0,1,0,1,0,1,0,1,0,1,0,1,0,1,0,1,0,1,0,1,0,1,0,1,0,1,0,1,0,1,0,1,0,1,0,1,0,1,0,1,0,1,0,1,0,1,0,1,0,1,0,1,0,1,0,1,0,1,0,1,0,1,0,1,0,1,0,1,0,1,0,1,0,1,0,1,0,1,0,1,0,1,0,1,0,1,0,1,0,1,0,1,0,1,0,1,0,1,0,1,0,1,0,1,0,1,0,1,0,1,0,1,0,1,0,1,0,1,0,1,0,1,0,1,0,1,0,1,0,1,0,1,0,1,0,1,0,1,0,1,0,1,0,1,0,1,0,1,0,1,0,1,0,1,0,1,0,1,0,1,0,1,0,235,98
2,2,46,205,174,0,4,202,191,4,0,88,88,1,10,202,24,4,255,3,1,7,2,0,0,0,1,4,1,1,0,0,0,0,0,0,0,0,0,0,0,0,0,0,0,0,0,99,99,99,99,246,204
2,2,46,205,174,0,4,203,95,4,0,88,88,1,10,202,24,4,255,3,1,7,2,0,0,0,1,4,1,1,0,0,0,0,0,0,0,0,0,0,0,0,0,0,0,0,0,99,99,99,99,3,192
2,2,46,205,174,0,4,203,245,4,0,88,88,1,10,202,24,4,255,3,1,7,2,0,0,0,1,4,2,1,0,0,0,0,0,0,0,0,0,0,0,0,0,0,0,0,0,99,99,99,99,190,225
2,2,46,205,174,0,4,204,149,4,0,88,88,1,10,202,152,4,255,3,1,7,2,1,0,0,1,4,2,1,0,0,0,0,0,0,0,0,0,0,0,0,0,0,0,0,0,99,99,99,99,80,118
2,14,246,194,182,1,5,2,100,24,0,1,0,1,0,1,0,1,0,1,0,1,0,1,0,1,0,1,0,1,0,1,0,1,0,1,0,1,0,1,0,1,0,1,0,1,0,1,0,1,0,1,0,1,0,1,0,1,0,1,0,1,0,1,0,1,0,1,0,1,0,1,0,1,0,1,0,1,0,1,0,1,0,1,0,1,0,1,0,1,0,1,0,1,0,1,0,1,0,1,0,1,0,1,0,1,0,1,0,1,0,1,0,1,0,1,0,1,0,1,0,1,0,1,0,1,0,1,0,1,0,1,0,1,0,1,0,1,0,1,0,1,0,1,0,1,0,1,0,1,0,1,0,1,0,1,0,1,0,1,0,1,0,1,0,1,0,1,0,1,0,1,0,1,0,1,0,1,0,1,0,1,0,1,0,1,0,1,0,1,0,1,0,1,0,1,0,1,0,1,0,1,0,1,0,1,0,1,0,1,0,1,0,1,0,1,0,1,0,1,0,1,0,1,0,1,0,1,0,1,0,1,0,1,0,1,0,1,0,1,0,1,0,1,0,1,0,1,0,1,0,166,253
2,2,46,205,174,0,4,205,173,4,0,88,88,1,10,202,152,4,255,3,1,7,2,0,0,0,1,4,2,1,0,0,0,0,0,0,0,0,0,0,0,0,0,0,0,0,0,99,99,99,99,31,182
2,2,46,205,174,0,4,206,77,4,0,88,88,1,10,202,152,4,255,3,1,7,2,0,0,0,1,4,2,1,0,0,0,0,0,0,0,0,0,0,0,0,0,0,0,0,0,99,99,99,99,101,98
2,2,46,205,174,0,4,206,227,4,0,88,88,1,10,202,152,4,255,3,1,7,2,1,0,0,1,4,3,1,0,0,0,0,0,0,0,0,0,0,0,0,0,0,0,0,0,99,99,99,99,140,200
2,14,246,194,182,1,5,3,100,24,0,1,0,1,0,1,0,1,0,1,0,1,0,1,0,1,0,1,0,1,0,1,0,1,0,1,0,1,0,1,0,1,0,1,0,1,0,1,0,1,0,1,0,1,0,1,0,1,0,1,0,1,0,1,0,1,0,1,0,1,0,1,0,1,0,1,0,1,0,1,0,1,0,1,0,1,0,1,0,1,0,1,0,1,0,1,0,1,0,1,0,1,0,1,0,1,0,1,0,1,0,1,0,1,0,1,0,1,0,1,0,1,0,1,0,1,0,1,0,1,0,1,0,1,0,1,0,1,0,1,0,1,0,1,0,1,0,1,0,1,0,1,0,1,0,1,0,1,0,1,0,1,0,1,0,1,0,1,0,1,0,1,0,1,0,1,0,1,0,1,0,1,0,1,0,1,0,1,0,1,0,1,0,1,0,1,0,1,0,1,0,1,0,1,0,1,0,1,0,1,0,1,0,1,0,1,0,1,0,1,0,1,0,1,0,1,0,1,0,1,0,1,0,1,0,1,0,1,0,1,0,1,0,1,0,1,0,1,0,1,0,131,203
2,2,46,205,174,0,4,207,251,4,0,88,88,1,10,202,152,4,255,3,1,7,2,0,0,0,1,4,3,1,0,0,0,0,0,0,0,0,0,0,0,0,0,0,0,0,0,99,99,99,99,67,229
2,2,46,205,174,0,4,208,155,4,0,88,88,1,10,202,152,4,255,3,1,7,2,0,0,0,1,4,3,1,0,0,0,0,0,0,0,0,0,0,0,0,0,0,0,0,0,99,99,99,99,52,48
2,2,46,205,174,0,4,209,59,4,0,88,88,1,10,202,152,4,255,3,1,7,2,0,0,0,1,4,4,1,0,0,0,0,0,0,0,0,0,0,0,0,0,0,0,0,0,99,99,99,99,251,215
2,2,46,205,174,0,4,209,209,4,0,88,88,1,10,202,152,4,255,3,1,7,2,1,0,0,1,4,4,1,0,0,0,0,0,0,0,0,0,0,0,0,0,0,0,0,0,99,99,99,99,220,132
2,14,246,194,182,1,5,4,100,24,0,1,0,1,0,1,0,1,0,1,0,1,0,1,0,1,0,1,0,1,0,1,0,1,0,1,0,1,0,1,0,1,0,1,0,1,0,1,0,1,0,1,0,1,0,1,0,1,0,1,0,1,0,1,0,1,0,1,0,1,0,1,0,1,0,1,0,1,0,1,0,1,0,1,0,1,0,1,0,1,0,1,0,1,0,1,0,1,0,1,0,1,0,1,0,1,0,1,0,1,0,1,0,1,0,1,0,1,0,1,0,1,0,1,0,1,0,1,0,1,0,1,0,1,0,1,0,1,0,1,0,1,0,1,0,1,0,1,0,1,0,1,0,1,0,1,0,1,0,1,0,1,0,1,0,1,0,1,0,1,0,1,0,1,0,1,0,1,0,1,0,1,0,1,0,1,0,1,0,1,0,1,0,1,0,1,0,1,0,1,0,1,0,1,0,1,0,1,0,1,0,1,0,1,0,1,0,1,0,1,0,1,0,1,0,1,0,1,0,1,0,1,0,1,0,1,0,1,0,1,0,1,0,1,0,1,0,1,0,1,0,120,73
2,2,46,205,174,0,4,210,233,4,0,88,88,1,10,202,152,4,255,3,1,7,2,0,0,0,1,4,4,1,0,0,0,0,0,0,0,0,0,0,0,0,0,0,0,0,0,99,99,99,99,28,156
2,2,46,205,174,0,4,211,137,4,0,88,88,1,10,202,152,4,255,3,1,7,2,0,0,0,1,4,4,1,0,0,0,0,0,0,0,0,0,0,0,0,0,0,0,0,0,99,99,99,99,202,102
2,2,46,205,174,0,4,212,41,4,0,88,88,1,10,202,152,4,255,0,0,5,2,1,0,0,1,4,5,1,0,0,0,0,0,0,0,0,0,0,0,0,0,0,0,0,0,99,99,99,99,152,154
2,14,246,194,182,1,5,5,100,24,0,1,0,1,0,1,0,1,0,1,0,1,0,1,0,1,0,1,0,1,0,1,0,1,0,1,0,1,0,1,0,1,0,1,0,1,0,1,0,1,0,1,0,1,0,1,0,1,0,1,0,1,0,1,0,1,0,1,0,1,0,1,0,1,0,1,0,1,0,1,0,1,0,1,0,1,0,1,0,1,0,1,0,1,0,1,0,1,0,1,0,1,0,1,0,1,0,1,0,1,0,1,0,1,0,1,0,1,0,1,0,1,0,1,0,1,0,1,0,1,0,1,0,1,0,1,0,1,0,1,0,1,0,1,0,1,0,1,0,1,0,1,0,1,0,1,0,1,0,1,0,1,0,1,0,1,0,1,0,1,0,1,0,1,0,1,0,1,0,1,0,1,0,1,0,1,0,1,0,1,0,1,0,1,0,1,0,1,0,1,0,1,0,1,0,1,0,1,0,1,0,1,0,1,0,1,0,1,0,1,0,1,0,1,0,1,0,1,0,1,0,1,0,1,0,1,0,1,0,1,0,1,0,1,0,1,0,1,0,1,0,93,127
2,2,46,205,174,0,4,213,65,4,0,88,88,1,10,202,152,4,255,0,0,5,2,0,0,0,1,4,5,1,0,0,0,0,0,0,0,0,0,0,0,0,0,0,0,0,0,99,99,99,99,14,199
2,2,46,205,174,0,4,213,215,4,0,88,88,1,10,202,152,4,255,0,0,5,2,0,0,0,1,4,5,1,0,0,0,0,0,0,0,0,0,0,0,0,0,0,0,0,0,99,99,99,99,138,74
2,2,46,205,174,0,4,214,119,4,0,88,88,1,10,202,0,4,255,0,0,5,3,0,0,198,1,4,0,1,0,0,0,0,0,0,0,0,0,0,0,0,0,0,0,0,0,99,99,99,99,40,183
2,2,46,205,174,0,4,215,23,4,0,88,88,1,10,202,0,4,255,0,0,5,3,0,0,182,1,4,0,1,0,0,0,0,0,0,0,0,0,0,0,0,0,0,0,0,0,99,99,99,99,218,234
2,2,46,205,174,0,4,215,173,4,0,88,88,1,10,202,0,4,255,0,0,5,3,0,0,167,1,4,0,1,0,0,0,0,0,0,0,0,0,0,0,0,0,0,0,0,0,99,99,99,99,203,139
2,2,46,205,174,0,4,216,77,4,0,88,88,1,10,202,0,4,255,0,0,5,3,0,0,151,1,4,0,1,0,0,0,0,0,0,0,0,0,0,0,0,0,0,0,0,0,99,99,99,99,8,2
2,2,46,205,174,0,4,216,237,4,0,88,88,1,10,202,0,4,255,0,0,5,3,0,0,135,1,4,0,1,0,0,0,0,0,0,0,0,0,0,0,0,0,0,0,0,0,99,99,99,99,204,67
2,2,46,205,174,0,4,217,131,4,0,88,88,1,10,202,0,4,255,0,0,5,3,0,0,120,1,4,0,1,0,0,0,0,0,0,0,0,0,0,0,0,0,0,0,0,0,99,99,99,99,121,106
2,2,46,205,174,0,4,218,35,4,0,88,88,1,10,202,0,4,255,0,0,5,3,0,0,104,1,4,0,1,0,0,0,0,0,0,0,0,0,0,0,0,0,0,0,0,0,99,99,99,99,117,31
2,2,46,205,174,0,4,218,185,4,0,88,88,1,10,202,0,4,255,0,0,5,3,0,0,89,1,4,0,1,0,0,0,0,0,0,0,0,0,0,0,0,0,0,0,0,0,99,99,99,99,42,39
2,2,46,205,174,0,4,219,89,4,0,88,88,1,10,202,0,4,255,0,0,5,3,0,0,73,1,4,0,1,0,0,0,0,0,0,0,0,0,0,0,0,0,0,0,0,0,99,99,99,99,184,113
2,2,46,205,174,0,4,219,249,4,0,88,88,1,10,202,0,4,255,0,0,5,3,0,0,57,1,4,0,1,0,0,0,0,0,0,0,0,0,0,0,0,0,0,0,0,0,99,99,99,99,63,205
2,2,46,205,174,0,4,220,143,4,0,88,88,1,10,202,0,4,255,0,0,5,3,0,0,42,1,4,0,1,0,0,0,0,0,0,0,0,0,0,0,0,0,0,0,0,0,99,99,99,99,77,221
2,2,46,205,174,0,4,221,47,4,0,88,88,1,10,202,0,4,255,0,0,5,3,0,0,26,1,4,0,1,0,0,0,0,0,0,0,0,0,0,0,0,0,0,0,0,0,99,99,99,99,0,196
2,2,46,205,174,0,4,221,207,4,0,88,88,1,10,202,0,4,255,0,0,5,3,0,0,10,1,4,0,1,0,0,0,0,0,0,0,0,0,0,0,0,0,0,0,0,0,99,99,99,99,213,126
2,2,46,205,174,0,4,222,101,4,0,88,88,1,10,202,24,4,255,3,1,7,2,0,0,0,1,4,1,1,0,0,0,0,0,0,0,0,0,0,0,0,0,0,0,0,0,99,99,99,99,140,85
2,2,46,205,174,0,4,223,5,4,0,88,88,1,10,202,24,4,255,3,1,7,2,1,0,0,1,4,1,1,1,0,26,0,0,0,0,0,0,0,0,0,0,0,0,0,0,99,99,99,99,167,177
2,14,246,194,182,1,5,1,100,24,0,1,0,1,0,1,0,1,0,1,1,4,1,6,4,7,71,8,186,48,240,6,255,5,255,5,255,4,255,3,255,2,235,2,199,1,165,1,134,1,106,0,81,0,60,0,41,0,26,0,14,0,5,0,0,0,0,0,0,0,0,0,0,1,0,1,0,1,0,1,0,1,0,1,0,1,0,1,0,1,0,1,0,1,0,1,0,1,0,1,0,1,0,1,0,1,0,1,0,1,0,1,0,1,0,1,0,1,0,1,0,1,0,1,0,1,0,1,0,1,0,1,0,1,0,1,0,1,0,1,0,1,0,1,0,1,0,1,0,1,0,1,0,1,0,1,0,1,0,1,0,1,0,1,0,1,0,1,0,1,0,1,0,1,0,1,0,1,0,1,0,1,0,1,0,1,0,1,0,1,0,1,0,1,0,1,0,1,0,1,0,1,0,1,0,1,0,1,0,1,0,1,0,1,0,1,0,1,0,1,0,1,0,1,0,1,0,1,0,1,0,1,0,1,0,1,0,1,0,1,0,1,0,1,0,1,0,1,0,1,0,217,233
2,2,46,205,174,0,4,224,29,4,0,88,88,1,10,202,24,4,255,3,1,7,2,0,0,0,1,4,1,1,0,0,0,0,0,0,0,0,0,0,0,0,0,0,0,0,0,99,99,99,99,108,177
2,2,46,205,174,0,4,224,189,4,0,88,88,1,10,202,24,4,255,3,1,7,2,0,0,0,1,4,1,1,0,0,0,0,0,0,0,0,0,0,0,0,0,0,0,0,0,99,99,99,99,207,170
2,2,46,205,174,0,4,225,83,4,0,88,88,1,10,202,152,4,255,3,1,7,2,1,0,0,1,4,2,1,0,0,0,0,0,0,0,0,0,0,0,0,0,0,0,0,0,99,99,99,99,38,177
2,14,246,194,182,1,5,2,100,24,0,1,0,1,0,1,0,1,0,1,0,1,0,1,0,1,0,1,0,1,0,1,0,1,0,1,0,1,0,1,0,1,0,1,0,1,0,1,0,1,0,1,0,1,0,1,0,1,0,1,0,1,0,1,0,1,0,1,0,1,0,1,0,1,0,1,0,1,0,1,0,1,0,1,0,1,0,1,0,1,0,1,0,1,0,1,0,1,0,1,0,1,0,1,0,1,0,1,0,1,0,1,0,1,0,1,0,1,0,1,0,1,0,1,0,1,0,1,0,1,0,1,0,1,0,1,0,1,0,1,0,1,0,1,0,1,0,1,0,1,0,1,0,1,0,1,0,1,0,1,0,1,0,1,0,1,0,1,0,1,0,1,0,1,0,1,0,1,0,1,0,1,0,1,0,1,0,1,0,1,0,1,0,1,0,1,0,1,0,1,0,1,0,1,0,1,0,1,0,1,0,1,0,1,0,1,0,1,0,1,0,1,0,1,0,1,0,1,0,1,0,1,0,1,0,1,0,1,0,1,0,1,0,1,0,1,0,1,0,1,0,166,253
2,2,46,205,174,0,4,226,107,4,0,88,88,1,10,202,152,4,255,3,1,7,2,0,0,0,1,4,2,1,0,0,0,0,0,0,0,0,0,0,0,0,0,0,0,0,0,99,99,99,99,230,169
2,2,46,205,174,0,4,227,11,4,0,88,88,1,10,202,152,4,255,3,1,7,2,0,0,0,1,4,2,1,0,0,0,0,0,0,0,0,0,0,0,0,0,0,0,0,0,99,99,99,99,48,83
2,2,46,205,174,0,4,227,171,4,0,88,88,1,10,202,152,4,255,3,1,7,2,1,0,0,1,4,3,1,0,0,0,0,0,0,0,0,0,0,0,0,0,0,0,0,0,99,99,99,99,210,215
2,14,246,194,182,1,5,3,100,24,0,1,0,1,0,1,0,1,0,1,0,1,0,1,0,1,0,1,0,1,0,1,0,1,0,1,0,1,0,1,0,1,0,1,0,1,0,1,0,1,0,1,0,1,0,1,0,1,0,1,0,1,0,1,0,1,0,1,0,1,0,1,0,1,0,1,0,1,0,1,0,1,0,1,0,1,0,1,0,1,0,1,0,1,0,1,0,1,0,1,0,1,0,1,0,1,0,1,0,1,0,1,0,1,0,1,0,1,0,1,0,1,0,1,0,1,0,1,0,1,0,1,0,1,0,1,0,1,0,1,0,1,0,1,0,1,0,1,0,1,0,1,0,1,0,1,0,1,0,1,0,1,0,1,0,1,0,1,0,1,0,1,0,1,0,1,0,1,0,1,0,1,0,1,0,1,0,1,0,1,0,1,0,1,0,1,0,1,0,1,0,1,0,1,0,1,0,1,0,1,0,1,0,1,0,1,0,1,0,1,0,1,0,1,0,1,0,1,0,1,0,1,0,1,0,1,0,1,0,1,0,1,0,1,0,1,0,1,0,1,0,131,203
2,2,46,205,174,0,4,228,195,4,0,88,88,1,10,202,152,4,255,3,1,7,2,0,0,0,1,4,3,1,0,0,0,0,0,0,0,0,0,0,0,0,0,0,0,0,0,99,99,99,99,196,195
2,2,46,205,174,0,4,229,89,4,0,88,88,1,10,202,152,4,255,3,1,7,2,0,0,0,1,4,3,1,0,0,0,0,0,0,0,0,0,0,0,0,0,0,0,0,0,99,99,99,99,217,152
2,2,46,205,174,0,4,229,249,4,0,88,88,1,10,202,152,4,255,3,1,7,2,0,0,0,1,4,3,1,0,0,0,0,0,0,0,0,0,0,0,0,0,0,0,0,0,99,99,99,99,122,131
2,2,46,205,174,0,4,230,153,4,0,88,88,1,10,202,152,4,255,3,1,7,2,1,0,0,1,4,4,1,0,0,0,0,0,0,0,0,0,0,0,0,0,0,0,0,0,99,99,99,99,44,37
2,14,246,194,182,1,5,4,100,24,0,1,0,1,0,1,0,1,0,1,0,1,0,1,0,1,0,1,0,1,0,1,0,1,0,1,0,1,0,1,0,1,0,1,0,1,0,1,0,1,0,1,0,1,0,1,0,1,0,1,0,1,0,1,0,1,0,1,0,1,0,1,0,1,0,1,0,1,0,1,0,1,0,1,0,1,0,1,0,1,0,1,0,1,0,1,0,1,0,1,0,1,0,1,0,1,0,1,0,1,0,1,0,1,0,1,0,1,0,1,0,1,0,1,0,1,0,1,0,1,0,1,0,1,0,1,0,1,0,1,0,1,0,1,0,1,0,1,0,1,0,1,0,1,0,1,0,1,0,1,0,1,0,1,0,1,0,1,0,1,0,1,0,1,0,1,0,1,0,1,0,1,0,1,0,1,0,1,0,1,0,1,0,1,0,1,0,1,0,1,0,1,0,1,0,1,0,1,0,1,0,1,0,1,0,1,0,1,0,1,0,1,0,1,0,1,0,1,0,1,0,1,0,1,0,1,0,1,0,1,0,1,0,1,0,1,0,1,0,1,0,120,73
2,2,46,205,174,0,4,231,177,4,0,88,88,1,10,202,152,4,255,3,1,7,2,0,0,0,1,4,4,1,0,0,0,0,0,0,0,0,0,0,0,0,0,0,0,0,0,99,99,99,99,171,131
2,2,46,205,174,0,4,232,71,4,0,88,88,1,10,202,152,4,255,3,1,7,2,0,0,0,1,4,4,1,0,0,0,0,0,0,0,0,0,0,0,0,0,0,0,0,0,99,99,99,99,102,159
2,2,46,205,174,0,4,232,231,4,0,88,88,1,10,202,152,4,255,0,1,7,2,1,0,0,1,4,5,1,0,0,0,0,0,0,0,0,0,0,0,0,0,0,0,0,0,99,99,99,99,111,209
2,14,246,194,182,1,5,5,100,24,0,1,0,1,0,1,0,1,0,1,0,1,0,1,0,1,0,1,0,1,0,1,0,1,0,1,0,1,0,1,0,1,0,1,0,1,0,1,0,1,0,1,0,1,0,1,0,1,0,1,0,1,0,1,0,1,0,1,0,1,0,1,0,1,0,1,0,1,0,1,0,1,0,1,0,1,0,1,0,1,0,1,0,1,0,1,0,1,0,1,0,1,0,1,0,1,0,1,0,1,0,1,0,1,0,1,0,1,0,1,0,1,0,1,0,1,0,1,0,1,0,1,0,1,0,1,0,1,0,1,0,1,0,1,0,1,0,1,0,1,0,1,0,1,0,1,0,1,0,1,0,1,0,1,0,1,0,1,0,1,0,1,0,1,0,1,0,1,0,1,0,1,0,1,0,1,0,1,0,1,0,1,0,1,0,1,0,1,0,1,0,1,0,1,0,1,0,1,0,1,0,1,0,1,0,1,0,1,0,1,0,1,0,1,0,1,0,1,0,1,0,1,0,1,0,1,0,1,0,1,0,1,0,1,0,1,0,1,0,1,0,93,127
2,2,46,205,174,0,4,233,255,4,0,88,88,1,10,202,152,4,255,0,0,5,2,0,0,0,1,4,5,1,0,0,0,0,0,0,0,0,0,0,0,0,0,0,0,0,0,99,99,99,99,60,235
2,2,46,205,174,0,4,234,159,4,0,88,88,1,10,202,152,4,255,0,0,5,2,0,0,0,1,4,5,1,0,0,0,0,0,0,0,0,0,0,0,0,0,0,0,0,0,99,99,99,99,101,201
2,2,46,205,174,0,4,235,53,4,0,88,88,1,10,202,152,4,255,0,0,5,2,0,0,0,1,4,5,1,0,0,0,0,0,0,0,0,0,0,0,0,0,0,0,0,0,99,99,99,99,48,25
2,2,46,205,174,0,4,235,213,4,0,88,88,3,10,161,0,4,255,0,0,1,3,0,0,186,1,4,0,2,2,10,40,0,0,0,0,0,0,0,0,0,0,0,0,0,0,99,99,99,99,179,23
2,2,46,205,174,0,4,236,117,4,0,88,88,3,10,92,0,4,255,0,0,1,3,0,0,170,1,4,0,2,0,0,0,0,0,0,0,0,0,0,0,0,0,0,0,0,0,99,99,99,99,52,225
2,2,46,205,174,0,4,237,11,4,0,88,88,3,10,78,0,4,255,0,0,1,3,0,0,155,1,4,0,2,0,0,0,0,0,0,0,0,0,0,0,0,0,0,0,0,0,99,99,99,99,194,12
2,2,46,205,174,0,4,237,171,4,0,88,88,3,10,78,0,4,255,0,0,1,3,0,0,139,1,4,0,2,0,0,0,0,0,0,0,0,0,0,0,0,0,0,0,0,0,99,99,99,99,6,77
2,2,46,205,174,0,4,238,65,4,0,88,88,3,10,64,0,4,255,0,0,1,3,0,0,124,1,4,0,2,0,0,0,0,0,0,0,0,0,0,0,0,0,0,0,0,0,99,99,99,99,59,65
2,2,46,205,174,0,4,238,225,4,0,88,88,1,10,78,0,4,255,0,0,5,3,0,0,108,1,4,0,2,0,0,0,0,0,0,0,0,0,0,0,0,0,0,0,0,0,99,99,99,99,175,196
2,2,46,205,174,0,4,239,129,4,0,88,88,1,10,78,0,4,255,0,0,5,3,0,0,92,1,4,0,2,0,0,0,0,0,0,0,0,0,0,0,0,0,0,0,0,0,99,99,99,99,208,208
2,2,46,205,174,0,4,240,23,4,0,88,88,1,10,78,0,4,255,0,0,5,3,0,0,77,1,4,0,2,0,0,0,0,0,0,0,0,0,0,0,0,0,0,0,0,0,99,99,99,99,121,165
2,2,46,205,174,0,4,240,183,4,0,88,88,1,10,92,0,4,255,0,0,5,3,0,0,61,1,4,0,2,0,0,0,0,0,0,0,0,0,0,0,0,0,0,0,0,0,99,99,99,99,24,201
2,2,46,205,174,0,4,241,87,4,0,88,88,1,10,92,0,4,255,0,0,5,3,0,0,45,1,4,0,2,0,0,0,0,0,0,0,0,0,0,0,0,0,0,0,0,0,99,99,99,99,138,159
2,2,46,205,174,0,4,241,237,4,0,88,88,1,10,92,0,4,255,0,0,5,3,0,0,30,1,4,0,2,0,0,0,0,0,0,0,0,0,0,0,0,0,0,0,0,0,99,99,99,99,29,169
2,2,46,205,174,0,4,242,141,4,0,88,88,1,10,92,0,4,255,0,0,5,3,0,0,14,1,4,0,2,0,0,0,0,0,0,0,0,0,0,0,0,0,0,0,0,0,99,99,99,99,35,209
2,2,46,205,174,0,4,243,35,4,0,88,88,1,10,92,0,4,255,0,0,5,2,0,0,0,1,4,1,2,0,0,0,0,0,0,0,0,0,0,0,0,0,0,0,0,0,99,99,99,99,179,109
2,2,46,205,174,0,4,243,195,4,0,88,88,1,10,92,24,4,255,3,1,7,2,1,0,0,1,4,1,2,1,0,27,0,0,0,0,0,0,0,0,0,0,0,0,0,0,99,99,99,99,79,12
2,14,246,194,182,1,5,1,100,24,0,1,0,1,0,1,0,1,0,1,0,4,1,6,4,7,76,8,193,3,207,6,255,5,255,5,255,4,255,3,255,2,235,2,199,1,166,1,135,1,107,0,82,0,60,0,42,0,27,0,14,0,5,0,0,0,0,0,0,0,0,0,0,1,0,1,0,1,0,1,0,1,0,1,0,1,0,1,0,1,0,1,0,1,0,1,0,1,0,1,0,1,0,1,0,1,0,1,0,1,0,1,0,1,0,1,0,1,0,1,0,1,0,1,0,1,0,1,0,1,0,1,0,1,0,1,0,1,0,1,0,1,0,1,0,1,0,1,0,1,0,1,0,1,0,1,0,1,0,1,0,1,0,1,0,1,0,1,0,1,0,1,0,1,0,1,0,1,0,1,0,1,0,1,0,1,0,1,0,1,0,1,0,1,0,1,0,1,0,1,0,1,0,1,0,1,0,1,0,1,0,1,0,1,0,1,0,1,0,1,0,1,0,1,0,1,0,1,0,1,0,1,0,1,0,1,0,1,0,1,0,1,0,1,0,1,0,1,0,1,0,220,150
2,2,46,205,174,0,4,244,219,4,0,88,88,1,10,92,24,4,255,3,1,7,2,0,0,0,1,4,1,2,0,0,0,0,0,0,0,0,0,0,0,0,0,0,0,0,0,99,99,99,99,7,253
2,2,46,205,174,0,4,245,123,4,0,88,88,1,10,92,24,4,255,3,1,7,2,0,0,0,1,4,1,2,0,0,0,0,0,0,0,0,0,0,0,0,0,0,0,0,0,99,99,99,99,227,10
2,2,46,205,174,0,4,246,17,4,0,88,88,1,10,92,152,4,255,3,1,7,2,1,0,0,1,4,2,2,0,0,0,0,0,0,0,0,0,0,0,0,0,0,0,0,0,99,99,99,99,28,54
2,14,246,194,182,1,5,2,100,24,0,1,0,1,0,1,0,1,0,1,0,1,0,1,0,1,0,1,0,1,0,1,0,1,0,1,0,1,0,1,0,1,0,1,0,1,0,1,0,1,0,1,0,1,0,1,0,1,0,1,0,1,0,1,0,1,0,1,0,1,0,1,0,1,0,1,0,1,0,1,0,1,0,1,0,1,0,1,0,1,0,1,0,1,0,1,0,1,0,1,0,1,0,1,0,1,0,1,0,1,0,1,0,1,0,1,0,1,0,1,0,1,0,1,0,1,0,1,0,1,0,1,0,1,0,1,0,1,0,1,0,1,0,1,0,1,0,1,0,1,0,1,0,1,0,1,0,1,0,1,0,1,0,1,0,1,0,1,0,1,0,1,0,1,0,1,0,1,0,1,0,1,0,1,0,1,0,1,0,1,0,1,0,1,0,1,0,1,0,1,0,1,0,1,0,1,0,1,0,1,0,1,0,1,0,1,0,1,0,1,0,1,0,1,0,1,0,1,0,1,0,1,0,1,0,1,0,1,0,1,0,1,0,1,0,1,0,1,0,1,0,166,253
2,2,46,205,174,0,4,247,51,4,0,88,88,1,10,92,152,4,255,3,1,7,2,0,0,0,1,4,2,2,0,0,0,0,0,0,0,0,0,0,0,0,0,0,0,0,0,99,99,99,99,42,183
2,2,46,205,174,0,4,247,201,4,0,88,88,1,10,92,152,4,255,3,1,7,2,0,0,0,1,4,2,2,0,0,0,0,0,0,0,0,0,0,0,0,0,0,0,0,0,99,99,99,99,225,22
2,2,46,205,174,0,4,248,105,4,0,88,88,1,10,92,152,4,255,3,1,7,2,0,0,0,1,4,3,2,0,0,0,0,0,0,0,0,0,0,0,0,0,0,0,0,0,99,99,99,99,255,129
2,2,46,205,174,0,4,248,255,4,0,88,88,1,10,92,152,4,255,3,1,7,2,1,0,0,1,4,3,2,0,0,0,0,0,0,0,0,0,0,0,0,0,0,0,0,0,99,99,99,99,95,152
2,14,246,194,182,1,5,3,100,24,0,1,0,1,0,1,0,1,0,1,0,1,0,1,0,1,0,1,0,1,0,1,0,1,0,1,0,1,0,1,0,1,0,1,0,1,0,1,0,1,0,1,0,1,0,1,0,1,0,1,0,1,0,1,0,1,0,1,0,1,0,1,0,1,0,1,0,1,0,1,0,1,0,1,0,1,0,1,0,1,0,1,0,1,0,1,0,1,0,1,0,1,0,1,0,1,0,1,0,1,0,1,0,1,0,1,0,1,0,1,0,1,0,1,0,1,0,1,0,1,0,1,0,1,0,1,0,1,0,1,0,1,0,1,0,1,0,1,0,1,0,1,0,1,0,1,0,1,0,1,0,1,0,1,0,1,0,1,0,1,0,1,0,1,0,1,0,1,0,1,0,1,0,1,0,1,0,1,0,1,0,1,0,1,0,1,0,1,0,1,0,1,0,1,0,1,0,1,0,1,0,1,0,1,0,1,0,1,0,1,0,1,0,1,0,1,0,1,0,1,0,1,0,1,0,1,0,1,0,1,0,1,0,1,0,1,0,1,0,1,0,131,203
2,2,46,205,174,0,4,250,33,4,0,88,88,1,10,92,152,4,255,3,1,7,2,0,0,0,1,4,3,2,0,0,0,0,0,0,0,0,0,0,0,0,0,0,0,0,0,99,99,99,99,5,145
2,2,46,205,174,0,4,250,183,4,0,88,88,1,10,92,152,4,255,3,1,7,2,0,0,0,1,4,3,2,0,0,0,0,0,0,0,0,0,0,0,0,0,0,0,0,0,99,99,99,99,129,28
2,2,46,205,174,0,4,251,87,4,0,88,88,1,10,92,152,4,255,3,1,7,2,1,0,0,1,4,4,2,0,0,0,0,0,0,0,0,0,0,0,0,0,0,0,0,0,99,99,99,99,123,148
2,14,246,194,182,1,5,4,100,24,0,1,0,1,0,1,0,1,0,1,0,1,0,1,0,1,0,1,0,1,0,1,0,1,0,1,0,1,0,1,0,1,0,1,0,1,0,1,0,1,0,1,0,1,0,1,0,1,0,1,0,1,0,1,0,1,0,1,0,1,0,1,0,1,0,1,0,1,0,1,0,1,0,1,0,1,0,1,0,1,0,1,0,1,0,1,0,1,0,1,0,1,0,1,0,1,0,1,0,1,0,1,0,1,0,1,0,1,0,1,0,1,0,1,0,1,0,1,0,1,0,1,0,1,0,1,0,1,0,1,0,1,0,1,0,1,0,1,0,1,0,1,0,1,0,1,0,1,0,1,0,1,0,1,0,1,0,1,0,1,0,1,0,1,0,1,0,1,0,1,0,1,0,1,0,1,0,1,0,1,0,1,0,1,0,1,0,1,0,1,0,1,0,1,0,1,0,1,0,1,0,1,0,1,0,1,0,1,0,1,0,1,0,1,0,1,0,1,0,1,0,1,0,1,0,1,0,1,0,1,0,1,0,1,0,1,0,1,0,1,0,120,73
2,2,46,205,174,0,4,252,111,4,0,88,88,1,10,92,152,4,255,3,1,7,2,0,0,0,1,4,4,2,0,0,0,0,0,0,0,0,0,0,0,0,0,0,0,0,0,99,99,99,99,180,29
2,2,46,205,174,0,4,253,15,4,0,88,88,1,10,92,152,4,255,3,1,7,2,0,0,0,1,4,4,2,0,0,0,0,0,0,0,0,0,0,0,0,0,0,0,0,0,99,99,99,99,98,231
2,2,46,205,174,0,4,253,165,4,0,88,88,1,10,92,152,4,255,3,1,7,2,0,0,0,1,4,5,2,0,0,0,0,0,0,0,0,0,0,0,0,0,0,0,0,0,99,99,99,99,21,208
2,2,46,205,174,0,4,254,69,4,0,88,88,1,10,92,152,4,255,0,0,5,2,1,0,0,1,4,5,2,0,0,0,0,0,0,0,0,0,0,0,0,0,0,0,0,0,99,99,99,99,60,77
2,14,246,194,182,1,5,5,100,24,0,1,0,1,0,1,0,1,0,1,0,1,0,1,0,1,0,1,0,1,0,1,0,1,0,1,0,1,0,1,0,1,0,1,0,1,0,1,0,1,0,1,0,1,0,1,0,1,0,1,0,1,0,1,0,1,0,1,0,1,0,1,0,1,0,1,0,1,0,1,0,1,0,1,0,1,0,1,0,1,0,1,0,1,0,1,0,1,0,1,0,1,0,1,0,1,0,1,0,1,0,1,0,1,0,1,0,1,0,1,0,1,0,1,0,1,0,1,0,1,0,1,0,1,0,1,0,1,0,1,0,1,0,1,0,1,0,1,0,1,0,1,0,1,0,1,0,1,0,1,0,1,0,1,0,1,0,1,0,1,0,1,0,1,0,1,0,1,0,1,0,1,0,1,0,1,0,1,0,1,0,1,0,1,0,1,0,1,0,1,0,1,0,1,0,1,0,1,0,1,0,1,0,1,0,1,0,1,0,1,0,1,0,1,0,1,0,1,0,1,0,1,0,1,0,1,0,1,0,1,0,1,0,1,0,1,0,1,0,1,0,93,127
2,2,46,205,174,0,4,255,93,4,0,88,88,1,10,92,152,4,255,0,0,5,2,0,0,0,1,4,5,2,0,0,0,0,0,0,0,0,0,0,0,0,0,0,0,0,0,99,99,99,99,243,96
2,2,46,205,174,0,4,255,253,4,0,88,88,1,10,92,152,4,255,0,0,5,2,0,0,0,1,4,5,2,0,0,0,0,0,0,0,0,0,0,0,0,0,0,0,0,0,99,99,99,99,80,123
2,2,46,205,174,0,5,0,147,4,0,88,88,1,10,92,0,4,255,0,0,5,3,0,0,190,1,4,0,2,0,0,0,0,0,0,0,0,0,0,0,0,0,0,0,0,0,99,99,99,99,65,226
2,2,46,205,174,0,5,1,51,4,0,88,88,1,10,92,0,4,255,0,0,5,3,0,0,174,1,4,0,2,0,0,0,0,0,0,0,0,0,0,0,0,0,0,0,0,0,99,99,99,99,194,79
2,2,46,205,174,0,5,1,201,4,0,88,88,1,10,92,0,4,255,0,0,5,3,0,0,159,1,4,0,2,0,0,0,0,0,0,0,0,0,0,0,0,0,0,0,0,0,99,99,99,99,12,97
2,2,46,205,174,0,5,2,105,4,0,88,88,1,10,92,0,4,255,0,0,5,3,0,0,143,1,4,0,2,0,0,0,0,0,0,0,0,0,0,0,0,0,0,0,0,0,99,99,99,99,0,20
2,2,46,205,174,0,5,3,9,4,0,88,88,1,10,92,0,4,255,0,0,5,3,0,0,127,1,4,0,2,0,0,0,0,0,0,0,0,0,0,0,0,0,0,0,0,0,99,99,99,99,248,250
2,2,46,205,174,0,5,3,159,4,0,88,88,1,10,92,0,4,255,0,0,5,3,0,0,112,1,4,0,2,0,0,0,0,0,0,0,0,0,0,0,0,0,0,0,0,0,99,99,99,99,58,158
2,2,46,205,174,0,5,4,63,4,0,88,88,1,10,92,0,4,255,0,0,5,3,0,0,96,1,4,0,2,0,0,0,0,0,0,0,0,0,0,0,0,0,0,0,0,0,99,99,99,99,57,122
2,2,46,205,174,0,5,4,223,4,0,88,88,1,10,92,0,4,255,0,0,5,3,0,0,80,1,4,0,2,0,0,0,0,0,0,0,0,0,0,0,0,0,0,0,0,0,99,99,99,99,34,116
2,2,46,205,174,0,5,5,117,4,0,88,88,1,10,92,0,4,255,0,0,5,3,0,0,65,1,4,0,2,0,0,0,0,0,0,0,0,0,0,0,0,0,0,0,0,0,99,99,99,99,188,159
2,2,46,205,174,0,5,6,21,4,0,88,88,1,10,92,0,4,255,0,0,5,3,0,0,49,1,4,0,2,0,0,0,0,0,0,0,0,0,0,0,0,0,0,0,0,0,99,99,99,99,193,26
2,2,46,205,174,0,5,6,171,4,0,88,88,1,10,92,0,4,255,0,0,5,3,0,0,34,1,4,0,2,0,0,0,0,0,0,0,0,0,0,0,0,0,0,0,0,0,99,99,99,99,34,145
2,2,46,205,174,0,5,7,75,4,0,88,88,1,10,92,0,4,255,0,0,5,3,0,0,18,1,4,0,2,0,0,0,0,0,0,0,0,0,0,0,0,0,0,0,0,0,99,99,99,99,126,115
2,2,46,205,174,0,5,7,235,4,0,88,88,1,10,92,0,4,255,0,0,5,3,0,0,2,1,4,0,2,0,0,0,0,0,0,0,0,0,0,0,0,0,0,0,0,0,99,99,99,99,186,50
2,2,46,205,174,0,5,8,129,4,0,88,88,1,10,92,24,4,255,3,1,7,2,1,0,0,1,4,1,2,1,0,28,0,0,0,0,0,0,0,0,0,0,0,0,0,0,99,99,99,99,235,20
2,14,246,194,182,1,5,1,100,24,0,1,0,1,0,1,0,1,0,1,1,4,1,6,4,7,73,8,188,7,255,7,255,5,255,5,255,4,255,3,255,2,238,2,202,1,168,1,137,1,109,0,84,0,62,0,43,0,28,0,15,0,5,0,1,0,0,0,0,0,0,0,0,1,0,1,0,1,0,1,0,1,0,1,0,1,0,1,0,1,0,1,0,1,0,1,0,1,0,1,0,1,0,1,0,1,0,1,0,1,0,1,0,1,0,1,0,1,0,1,0,1,0,1,0,1,0,1,0,1,0,1,0,1,0,1,0,1,0,1,0,1,0,1,0,1,0,1,0,1,0,1,0,1,0,1,0,1,0,1,0,1,0,1,0,1,0,1,0,1,0,1,0,1,0,1,0,1,0,1,0,1,0,1,0,1,0,1,0,1,0,1,0,1,0,1,0,1,0,1,0,1,0,1,0,1,0,1,0,1,0,1,0,1,0,1,0,1,0,1,0,1,0,1,0,1,0,1,0,1,0,1,0,1,0,1,0,1,0,1,0,1,0,1,0,1,0,1,0,1,0,21,69
2,2,46,205,174,0,5,9,153,4,0,88,88,1,10,92,24,4,255,3,1,7,2,0,0,0,1,4,1,2,0,0,0,0,0,0,0,0,0,0,0,0,0,0,0,0,0,99,99,99,99,25,179
2,2,46,205,174,0,5,10,57,4,0,88,88,1,10,92,24,4,255,3,1,7,2,0,0,0,1,4,1,2,0,0,0,0,0,0,0,0,0,0,0,0,0,0,0,0,0,99,99,99,99,114,156
2,2,46,205,174,0,5,10,217,4,0,88,88,1,10,92,152,4,255,3,1,7,2,1,0,0,1,4,2,2,0,0,0,0,0,0,0,0,0,0,0,0,0,0,0,0,0,99,99,99,99,215,69
2,14,246,194,182,1,5,2,100,24,0,1,0,1,0,1,0,1,0,1,0,1,0,1,0,1,0,1,0,1,0,1,0,1,0,1,0,1,0,1,0,1,0,1,0,1,0,1,0,1,0,1,0,1,0,1,0,1,0,1,0,1,0,1,0,1,0,1,0,1,0,1,0,1,0,1,0,1,0,1,0,1,0,1,0,1,0,1,0,1,0,1,0,1,0,1,0,1,0,1,0,1,0,1,0,1,0,1,0,1,0,1,0,1,0,1,0,1,0,1,0,1,0,1,0,1,0,1,0,1,0,1,0,1,0,1,0,1,0,1,0,1,0,1,0,1,0,1,0,1,0,1,0,1,0,1,0,1,0,1,0,1,0,1,0,1,0,1,0,1,0,1,0,1,0,1,0,1,0,1,0,1,0,1,0,1,0,1,0,1,0,1,0,1,0,1,0,1,0,1,0,1,0,1,0,1,0,1,0,1,0,1,0,1,0,1,0,1,0,1,0,1,0,1,0,1,0,1,0,1,0,1,0,1,0,1,0,1,0,1,0,1,0,1,0,1,0,1,0,1,0,166,253
2,2,46,205,174,0,5,11,241,4,0,88,88,1,10,92,152,4,255,3,1,7,2,0,0,0,1,4,2,2,0,0,0,0,0,0,0,0,0,0,0,0,0,0,0,0,0,99,99,99,99,80,227
2,2,46,205,174,0,5,12,135,4,0,88,88,1,10,92,152,4,255,3,1,7,2,0,0,0,1,4,2,2,0,0,0,0,0,0,0,0,0,0,0,0,0,0,0,0,0,99,99,99,99,161,43
2,2,46,205,174,0,5,13,39,4,0,88,88,1,10,92,152,4,255,3,1,7,2,0,0,0,1,4,2,2,0,0,0,0,0,0,0,0,0,0,0,0,0,0,0,0,0,99,99,99,99,69,220
2,2,46,205,174,0,5,13,199,4,0,88,88,1,10,92,152,4,255,3,1,7,2,1,0,0,1,4,3,2,0,0,0,0,0,0,0,0,0,0,0,0,0,0,0,0,0,99,99,99,99,182,163
2,14,246,194,182,1,5,3,100,24,0,1,0,1,0,1,0,1,0,1,0,1,0,1,0,1,0,1,0,1,0,1,0,1,0,1,0,1,0,1,0,1,0,1,0,1,0,1,0,1,0,1,0,1,0,1,0,1,0,1,0,1,0,1,0,1,0,1,0,1,0,1,0,1,0,1,0,1,0,1,0,1,0,1,0,1,0,1,0,1,0,1,0,1,0,1,0,1,0,1,0,1,0,1,0,1,0,1,0,1,0,1,0,1,0,1,0,1,0,1,0,1,0,1,0,1,0,1,0,1,0,1,0,1,0,1,0,1,0,1,0,1,0,1,0,1,0,1,0,1,0,1,0,1,0,1,0,1,0,1,0,1,0,1,0,1,0,1,0,1,0,1,0,1,0,1,0,1,0,1,0,1,0,1,0,1,0,1,0,1,0,1,0,1,0,1,0,1,0,1,0,1,0,1,0,1,0,1,0,1,0,1,0,1,0,1,0,1,0,1,0,1,0,1,0,1,0,1,0,1,0,1,0,1,0,1,0,1,0,1,0,1,0,1,0,1,0,1,0,1,0,131,203
2,2,46,205,174,0,5,14,223,4,0,88,88,1,10,92,152,4,255,3,1,7,2,0,0,0,1,4,3,2,0,0,0,0,0,0,0,0,0,0,0,0,0,0,0,0,0,99,99,99,99,246,86
2,2,46,205,174,0,5,15,117,4,0,88,88,1,10,92,152,4,255,3,1,7,2,0,0,0,1,4,3,2,0,0,0,0,0,0,0,0,0,0,0,0,0,0,0,0,0,99,99,99,99,163,134
2,2,46,205,174,0,5,16,21,4,0,88,88,1,10,92,152,4,255,3,1,7,2,1,0,0,1,4,4,2,0,0,0,0,0,0,0,0,0,0,0,0,0,0,0,0,0,99,99,99,99,219,215
2,14,246,194,182,1,5,4,100,24,0,1,0,1,0,1,0,1,0,1,0,1,0,1,0,1,0,1,0,1,0,1,0,1,0,1,0,1,0,1,0,1,0,1,0,1,0,1,0,1,0,1,0,1,0,1,0,1,0,1,0,1,0,1,0,1,0,1,0,1,0,1,0,1,0,1,0,1,0,1,0,1,0,1,0,1,0,1,0,1,0,1,0,1,0,1,0,1,0,1,0,1,0,1,0,1,0,1,0,1,0,1,0,1,0,1,0,1,0,1,0,1,0,1,0,1,0,1,0,1,0,1,0,1,0,1,0,1,0,1,0,1,0,1,0,1,0,1,0,1,0,1,0,1,0,1,0,1,0,1,0,1,0,1,0,1,0,1,0,1,0,1,0,1,0,1,0,1,0,1,0,1,0,1,0,1,0,1,0,1,0,1,0,1,0,1,0,1,0,1,0,1,0,1,0,1,0,1,0,1,0,1,0,1,0,1,0,1,0,1,0,1,0,1,0,1,0,1,0,1,0,1,0,1,0,1,0,1,0,1,0,1,0,1,0,1,0,1,0,1,0,120,73
2,2,46,205,174,0,5,17,45,4,0,88,88,1,10,92,152,4,255,3,1,7,2,0,0,0,1,4,4,2,0,0,0,0,0,0,0,0,0,0,0,0,0,0,0,0,0,99,99,99,99,148,23
2,2,46,205,174,0,5,17,205,4,0,88,88,1,10,92,152,4,255,3,1,7,2,0,0,0,1,4,4,2,0,0,0,0,0,0,0,0,0,0,0,0,0,0,0,0,0,99,99,99,99,38,247
2,2,46,205,174,0,5,18,99,4,0,88,88,1,10,92,152,4,255,3,1,7,2,0,0,0,1,4,4,2,0,0,0,0,0,0,0,0,0,0,0,0,0,0,0,0,0,99,99,99,99,70,246
2,2,46,205,174,0,5,19,3,4,0,88,88,1,10,92,152,4,255,0,0,5,2,1,0,0,1,4,5,2,0,0,0,0,0,0,0,0,0,0,0,0,0,0,0,0,0,99,99,99,99,166,78
2,14,246,194,182,1,5,5,100,24,0,1,0,1,0,1,0,1,0,1,0,1,0,1,0,1,0,1,0,1,0,1,0,1,0,1,0,1,0,1,0,1,0,1,0,1,0,1,0,1,0,1,0,1,0,1,0,1,0,1,0,1,0,1,0,1,0,1,0,1,0,1,0,1,0,1,0,1,0,1,0,1,0,1,0,1,0,1,0,1,0,1,0,1,0,1,0,1,0,1,0,1,0,1,0,1,0,1,0,1,0,1,0,1,0,1,0,1,0,1,0,1,0,1,0,1,0,1,0,1,0,1,0,1,0,1,0,1,0,1,0,1,0,1,0,1,0,1,0,1,0,1,0,1,0,1,0,1,0,1,0,1,0,1,0,1,0,1,0,1,0,1,0,1,0,1,0,1,0,1,0,1,0,1,0,1,0,1,0,1,0,1,0,1,0,1,0,1,0,1,0,1,0,1,0,1,0,1,0,1,0,1,0,1,0,1,0,1,0,1,0,1,0,1,0,1,0,1,0,1,0,1,0,1,0,1,0,1,0,1,0,1,0,1,0,1,0,1,0,1,0,93,127
2,2,46,205,174,0,5,20,27,4,0,88,88,1,10,92,152,4,255,0,0,5,2,0,0,0,1,4,5,2,0,0,0,0,0,0,0,0,0,0,0,0,0,0,0,0,0,99,99,99,99,233,42
2,2,46,205,174,0,5,20,187,4,0,88,88,1,10,92,152,4,255,0,0,5,2,0,0,0,1,4,5,2,0,0,0,0,0,0,0,0,0,0,0,0,0,0,0,0,0,99,99,99,99,74,49
2,2,46,205,174,0,5,21,81,4,0,88,88,1,10,92,0,4,255,0,0,5,3,0,0,194,1,4,0,2,0,0,0,0,0,0,0,0,0,0,0,0,0,0,0,0,0,99,99,99,99,86,14
2,2,46,205,174,0,5,21,241,4,0,88,88,1,10,92,0,4,255,0,0,5,3,0,0,178,1,4,0,2,0,0,0,0,0,0,0,0,0,0,0,0,0,0,0,0,0,99,99,99,99,209,178
2,2,46,205,174,0,5,22,145,4,0,88,88,1,10,92,0,4,255,0,0,5,3,0,0,162,1,4,0,2,0,0,0,0,0,0,0,0,0,0,0,0,0,0,0,0,0,99,99,99,99,239,202
2,2,46,205,174,0,5,23,39,4,0,88,88,1,10,92,0,4,255,0,0,5,3,0,0,147,1,4,0,2,0,0,0,0,0,0,0,0,0,0,0,0,0,0,0,0,0,99,99,99,99,169,201
2,2,46,205,174,0,5,23,199,4,0,88,88,1,10,92,0,4,255,0,0,5,3,0,0,131,1,4,0,2,0,0,0,0,0,0,0,0,0,0,0,0,0,0,0,0,0,99,99,99,99,124,115
2,2,46,205,174,0,5,24,103,4,0,88,88,1,10,92,0,4,255,0,0,5,3,0,0,115,1,4,0,2,0,0,0,0,0,0,0,0,0,0,0,0,0,0,0,0,0,99,99,99,99,41,251
